주차,기간,요일,날짜,채널,형식,시리즈,주제,목표,담당,상태
1주차 (채널 정비 주간),10/05~10/11,수,2026-10-07,인스타+유튜브 쇼츠,릴스/쇼츠,1분 회계 상식,S2 알바비 3.3% 떼는 이유,외부인 유입,,기획
1주차 (채널 정비 주간),10/05~10/11,금,2026-10-09,인스타,카드뉴스,회계학과 팩트체크,#1 회계학과 나랑 맞을까? (이미지 완성),저장·공유,,이미지 완성
1주차 (채널 정비 주간),10/05~10/11,일,2026-10-11,인스타+유튜브 쇼츠,릴스/쇼츠,입시 Q&A,S10 학과장님께 물었다: 회계학과 왜 와야 돼요?,신뢰,,기획
1주차 (채널 정비 주간),10/05~10/11,토,2026-10-10,공통,운영,,프로필·채널 세팅 완료 / 기존 영상 제목·설명 수정 / 기준값 기록,운영,,기획
2주차 (학과 소개),10/12~10/18,수,2026-10-14,인스타+유튜브 쇼츠,릴스/쇼츠,회계학과 팩트체크,S1 수포자인데 회계학과 가도 돼요?,외부인 유입,,기획
2주차 (학과 소개),10/12~10/18,금,2026-10-16,인스타,카드뉴스,진로,#2 회계학과 진로 지도 (이미지 완성),저장·공유,,이미지 완성
2주차 (학과 소개),10/12~10/18,일,2026-10-18,인스타+유튜브 쇼츠,릴스/쇼츠,브이로그,S4 회계학과 가방 털기,친근감,,기획
2주차 (학과 소개),10/12~10/18,토,2026-10-17,유튜브,유튜브 롱폼,,L1 회계학과 오면 진짜 뭐 배워요? 교수님께 물었습니다,검색 유입·신뢰,,기획
3주차 (오해와 진실),10/19~10/25,수,2026-10-21,인스타+유튜브 쇼츠,릴스/쇼츠,1분 회계 상식,S5 재무제표 3초 요약,외부인 유입,,기획
3주차 (오해와 진실),10/19~10/25,금,2026-10-23,인스타,카드뉴스,회계학과 팩트체크,#3 회계학과 흔한 오해 4가지 (이미지 완성),저장·공유,,이미지 완성
3주차 (오해와 진실),10/19~10/25,일,2026-10-25,인스타+유튜브 쇼츠,릴스/쇼츠,입시 Q&A,스토리 질문 모음 1편 답변,소통,,기획
3주차 (오해와 진실),10/19~10/25,토,2026-10-24,공통,운영,,서포터즈 1기 모집·발대,운영,,기획
4주차 (전문직 시험),10/26~11/01,수,2026-10-28,인스타+유튜브 쇼츠,릴스/쇼츠,전문직,S3 회계사 vs 세무사 30초 정리,외부인 유입,,기획
4주차 (전문직 시험),10/26~11/01,금,2026-10-30,인스타,카드뉴스,전문직,#4 공인회계사·세무사 시험 구조 (이미지 완성),저장·공유,,이미지 완성
4주차 (전문직 시험),10/26~11/01,일,2026-11-01,인스타+유튜브 쇼츠,릴스/쇼츠,선배는 지금,S8 CPA 합격 선배 책상 공개,신뢰,,기획
4주차 (전문직 시험),10/26~11/01,토,2026-10-31,유튜브,유튜브 롱폼,,L2 [선배는 지금] CPA 합격 선배의 공부 루틴,검색 유입·신뢰,,기획
5주차 (학과 생활),11/02~11/08,수,2026-11-04,인스타+유튜브 쇼츠,릴스/쇼츠,브이로그,S6 회계학과 1학년 시간표 공개,친근감,,기획
5주차 (학과 생활),11/02~11/08,금,2026-11-06,인스타,카드뉴스,입시,#7 국립대 회계학과를 선택해야 하는 이유,전환,,기획
5주차 (학과 생활),11/02~11/08,일,2026-11-08,인스타+유튜브 쇼츠,릴스/쇼츠,회계 퀴즈,S11 이건 자산일까 부채일까?,참여,,기획
6주차 (수능 응원),11/09~11/15,수,2026-11-11,인스타+유튜브 쇼츠,릴스/쇼츠,응원,#8 수능 응원 릴스 (응원 댓글 이벤트 시작),참여,,기획
6주차 (수능 응원),11/09~11/15,금,2026-11-13,인스타,카드뉴스,1분 회계 상식,#13 재무제표 3종 세트 3초 요약,저장·공유,,기획
6주차 (수능 응원),11/09~11/15,일,2026-11-15,인스타+유튜브 쇼츠,릴스/쇼츠,학과 생활,#20 회계학과 랜선 투어,친근감,,기획
6주차 (수능 응원),11/09~11/15,토,2026-11-14,유튜브,유튜브 롱폼,,L5 캠퍼스·학과 투어 브이로그,검색 유입·신뢰,,기획
7주차 (수능 이후),11/16~11/22,수,2026-11-18,인스타+유튜브 쇼츠,릴스/쇼츠,입시 Q&A,스토리 질문 모음 2편 답변,소통,,기획
7주차 (수능 이후),11/16~11/22,금,2026-11-20,인스타,카드뉴스,입시,"#9 수능 끝난 고3, 지금 하면 좋은 것 5가지",저장·공유,,기획
7주차 (수능 이후),11/16~11/22,일,2026-11-22,인스타+유튜브 쇼츠,릴스/쇼츠,선배는 지금,S12 회계학과 선배들 지금 뭐 해요?,신뢰,,기획
7주차 (수능 이후),11/16~11/22,토,2026-11-21,공통,운영,,응원 댓글 이벤트 당첨자 발표,운영,,기획
8주차 (진로 심화),11/23~11/29,수,2026-11-25,인스타+유튜브 쇼츠,릴스/쇼츠,1분 회계 상식,S7 연말정산 13월의 월급 원리,외부인 유입,,기획
8주차 (진로 심화),11/23~11/29,금,2026-11-27,인스타,카드뉴스,선배는 지금,#17 선배는 지금 ① 동문 인터뷰,신뢰,,기획
8주차 (진로 심화),11/23~11/29,일,2026-11-29,인스타+유튜브 쇼츠,릴스/쇼츠,브이로그,S9 회계학과 시험기간 24시간,친근감,,기획
8주차 (진로 심화),11/23~11/29,토,2026-11-28,유튜브,유튜브 롱폼,,L3 [선배는 지금] 세무직 공무원이 된 선배,검색 유입·신뢰,,기획
9주차 (기말·연말),11/30~12/06,수,2026-12-02,인스타+유튜브 쇼츠,릴스/쇼츠,1분 회계 상식,#14 연말정산 공제 항목 2편,외부인 유입,,기획
9주차 (기말·연말),11/30~12/06,금,2026-12-04,인스타,카드뉴스,1분 회계 상식,#15 사회초년생 월급·세금 용어 5,저장·공유,,기획
9주차 (기말·연말),11/30~12/06,일,2026-12-06,인스타+유튜브 쇼츠,릴스/쇼츠,브이로그,#18 시험기간 브이로그,친근감,,기획
10주차 (수시 합격·정시 준비),12/07~12/13,수,2026-12-09,인스타+유튜브 쇼츠,릴스/쇼츠,입시,수시 합격생 환영 영상 (합격 인증 태그 이벤트),참여,,기획
10주차 (수시 합격·정시 준비),12/07~12/13,금,2026-12-11,인스타,카드뉴스,입시,#11 정시 원서 접수 전 체크리스트,전환,,기획
10주차 (수시 합격·정시 준비),12/07~12/13,일,2026-12-13,인스타+유튜브 쇼츠,릴스/쇼츠,입시 Q&A,재학생 솔직 토크 하이라이트,신뢰,,기획
10주차 (수시 합격·정시 준비),12/07~12/13,토,2026-12-12,유튜브,유튜브 롱폼,,L4 회계학과 재학생 솔직 토크,검색 유입·신뢰,,기획
11주차 (정시 캠페인),12/14~12/20,수,2026-12-16,인스타+유튜브 쇼츠,릴스/쇼츠,입시,#5 교수님께 물었다 (L1 하이라이트 재편집),전환,,기획
11주차 (정시 캠페인),12/14~12/20,금,2026-12-18,인스타,카드뉴스,입시,FAQ 10문 10답 카드뉴스 (홈페이지 FAQ 재활용),저장·공유,,기획
11주차 (정시 캠페인),12/14~12/20,일,2026-12-20,인스타+유튜브 쇼츠,릴스/쇼츠,학과 생활,한 해 결산: 회계학과 2026 하이라이트,친근감,,기획
11주차 (정시 캠페인),12/14~12/20,토,2026-12-19,유튜브,유튜브 롱폼,,"L6 공인회계사 vs 세무사, 무엇을 준비할까?",검색 유입·신뢰,,기획
12주차 (정시 원서 접수),12/21~12/27,수,2026-12-23,인스타+유튜브 쇼츠,릴스/쇼츠,입시,학과장 신년·정시 메시지,신뢰,,기획
12주차 (정시 원서 접수),12/21~12/27,금,2026-12-25,인스타,카드뉴스,입시,정시 원서 마감 D-day 안내 (입학처 일정 확인),전환,,기획
12주차 (정시 원서 접수),12/21~12/27,일,2026-12-27,인스타+유튜브 쇼츠,릴스/쇼츠,회계 퀴즈,연말 회계 퀴즈 챌린지,참여,,기획
12주차 (정시 원서 접수),12/21~12/27,토,2026-12-26,공통,운영,,12주 성과 정리·다음 분기 계획,운영,,기획
